id,location,date,pH,tds,turbidity,hardness,nitrate,sulphate,chlorine,temperature
1,Hostel Block B,2026-01-24,6.77,408,1.83,132,41.25,268,0.68,28.3
2,Hostel Block A,2026-01-03,6.61,697,6.22,367,13.53,206,0.86,25.9
3,Main Gate,2026-05-26,8.43,343,7.13,254,18.12,95,1.15,24.7
4,Hostel Block B,2026-07-04,7.01,532,6.24,102,44.32,177,0.19,32.9
5,Hostel Block B,2026-09-10,8.32,813,8.91,265,35.49,220,0.13,29.3
6,Academic Block,2026-02-28,6.65,283,4.11,312,38.87,133,0.24,25.0
7,Academic Block,2026-02-20,7.78,726,7.43,163,28.81,109,1.19,29.0
8,Staff Quarters,2026-04-22,6.91,237,2.68,96,48.69,142,0.36,23.0
9,Nearby Community,2026-06-07,7.84,585,8.9,409,28.61,107,0.21,30.4
10,Staff Quarters,2026-05-24,7.64,777,4.29,192,59.84,75,0.64,21.3
11,Hostel Block A,2026-02-05,7.76,876,4.51,112,24.32,192,1.2,27.4
12,Staff Quarters,2026-01-22,8.02,878,8.91,216,46.58,127,0.18,26.1
13,Main Gate,2026-01-24,8.45,449,9.73,171,31.45,67,1.05,24.2
14,Staff Quarters,2026-04-05,7.05,345,5.62,351,55.27,193,0.42,20.3
15,Library,2026-05-08,6.16,760,9.5,123,44.45,248,0.13,30.6
16,Hostel Block C,2026-03-22,7.33,742,2.07,350,52.6,148,1.16,33.0
17,College Canteen,2026-05-13,8.79,845,4.05,344,28.19,103,0.31,24.7
18,Nearby Community,2026-09-08,7.65,187,1.17,403,5.41,57,1.09,32.0
19,Hostel Block B,2026-09-08,6.78,677,2.54,147,43.95,265,0.71,26.6
20,Main Gate,2026-07-07,6.26,854,4.59,296,25.84,261,0.89,29.4
21,Hostel Block B,2026-01-13,8.04,291,2.86,177,33.1,75,0.54,23.9
22,College Canteen,2026-02-15,8.26,743,1.43,413,59.96,254,0.07,21.3
23,College Canteen,2026-03-14,7.36,398,8.71,110,11.55,40,1.18,23.7
24,Main Gate,2026-05-14,7.95,928,9.96,364,40.39,164,0.23,24.2
25,Hostel Block A,2026-09-02,8.09,238,0.98,324,31.17,258,0.66,20.8
26,Staff Quarters,2026-02-28,6.52,789,1.15,200,25.42,267,0.71,28.1
27,Hostel Block A,2026-02-14,7.84,758,5.47,213,13.85,223,0.41,23.7
28,Hostel Block C,2026-05-15,6.89,949,9.39,84,28.58,184,1.2,21.0
29,College Canteen,2026-09-09,6.37,537,8.87,205,23.43,80,0.55,27.6
30,Academic Block,2026-09-01,7.87,747,3.34,419,8.01,264,0.2,21.6
31,Hostel Block B,2026-09-05,6.76,799,2.5,255,13.81,202,1.03,27.1
32,Academic Block,2026-01-03,7.78,463,0.92,250,46.72,203,1.18,22.3
33,Main Gate,2026-09-23,7.2,189,1.56,156,33.64,253,0.47,27.7
34,Sports Complex,2026-03-02,6.86,220,9.04,187,41.56,210,0.17,30.9
35,Sports Complex,2026-03-08,8.42,361,8.87,92,12.4,276,0.43,33.0
36,College Canteen,2026-05-06,8.2,290,4.13,99,51.8,96,0.28,32.9
37,Library,2026-05-27,8.23,413,2.62,417,13.2,124,0.37,21.0
38,Academic Block,2026-06-21,7.43,875,9.82,354,21.21,47,0.18,33.6
39,Hostel Block C,2026-05-02,6.3,624,3.78,240,27.31,170,0.18,32.6
40,College Canteen,2026-05-02,7.98,181,5.44,355,41.84,280,0.9,29.4
41,Library,2026-07-03,8.66,518,6.42,419,51.18,224,1.09,27.1
42,Sports Complex,2026-06-13,7.95,747,1.71,295,40.57,137,0.83,32.6
43,Nearby Community,2026-05-13,7.53,180,3.39,187,26.93,188,0.75,24.5
44,Main Gate,2026-08-22,6.6,664,8.04,166,40.21,112,0.64,28.9
45,Library,2026-02-27,8.67,420,6.89,195,48.78,77,0.08,23.4
46,Main Gate,2026-02-15,7.16,824,5.97,276,30.67,102,0.22,29.6
47,Hostel Block B,2026-07-08,6.49,892,5.42,105,34.33,274,1.03,26.4
48,Main Gate,2026-09-18,7.67,633,6.32,338,26.75,272,0.68,32.6
49,Main Gate,2026-08-09,8.1,832,3.13,346,30.11,101,0.37,21.1
50,Academic Block,2026-04-09,6.94,733,1.27,157,15.41,217,0.23,23.0
51,Sports Complex,2026-07-11,7.52,605,1.09,295,24.59,237,0.72,29.7
52,Nearby Community,2026-07-16,6.02,540,3.34,279,51.5,253,0.53,30.5
53,Staff Quarters,2026-04-16,6.61,626,5.11,279,21.5,213,0.97,30.1
54,Main Gate,2026-03-20,7.5,583,6.12,419,3.57,204,0.54,32.1
55,Hostel Block C,2026-01-09,7.06,396,4.82,252,46.15,137,0.37,33.3
56,Sports Complex,2026-05-27,6.23,199,7.62,106,59.99,129,0.31,21.0
57,Hostel Block A,2026-01-08,6.56,200,6.4,202,9.32,211,0.18,33.3
58,Main Gate,2026-05-25,7.03,800,6.27,138,47.11,81,1.16,21.5
59,Hostel Block A,2026-05-19,7.9,564,4.27,181,6.41,216,1.01,23.4
60,Academic Block,2026-02-26,8.75,222,3.8,299,40.37,57,0.63,24.8
61,Sports Complex,2026-08-04,7.21,550,6.54,315,43.02,151,0.25,27.3
62,Academic Block,2026-09-25,7.35,626,8.34,383,17.57,258,0.33,33.1
63,Academic Block,2026-08-08,8.1,763,6.3,274,21.51,166,1.03,22.5
64,College Canteen,2026-06-26,6.72,466,8.86,221,34.24,172,1.14,21.2
65,Sports Complex,2026-08-18,8.12,887,5.02,331,27.99,44,0.16,23.1
66,College Canteen,2026-05-22,7.63,664,5.76,256,26.68,230,0.68,24.9
67,Main Gate,2026-05-10,6.7,303,7.35,241,8.93,177,1.14,29.7
68,College Canteen,2026-04-24,7.36,921,6.1,348,36.61,65,1.01,24.1
69,Library,2026-03-10,6.04,726,1.7,103,58.51,181,0.39,33.2
70,Main Gate,2026-02-28,6.03,471,4.96,305,21.76,53,0.34,32.1
71,Hostel Block B,2026-02-13,7.38,770,6.48,107,10.8,247,0.7,24.3
72,College Canteen,2026-02-18,8.14,800,6.16,396,15.09,173,0.49,32.7
73,Academic Block,2026-07-10,7.59,241,6.29,130,56.96,93,0.77,23.7
74,Hostel Block B,2026-03-08,6.49,256,1.99,289,28.13,192,0.59,20.5
75,Academic Block,2026-05-23,8.41,252,7.03,215,47.69,200,0.73,31.3
76,College Canteen,2026-07-04,7.52,843,1.92,216,49.94,58,0.12,31.1
77,Nearby Community,2026-05-15,6.35,885,3.39,286,56.68,168,0.67,26.1
78,Nearby Community,2026-01-14,8.06,798,2.88,126,15.28,212,1.01,28.1
79,Hostel Block A,2026-05-19,6.11,359,4.97,413,27.65,111,0.26,28.2
80,Main Gate,2026-02-16,6.97,521,3.55,133,51.75,124,0.52,26.9
81,Sports Complex,2026-09-02,7.27,502,2.9,139,58.27,143,1.04,31.5
82,Hostel Block A,2026-09-15,7.16,372,5.43,398,45.87,200,0.56,20.7
83,Academic Block,2026-09-05,8.6,628,8.87,328,9.04,201,0.75,23.4
84,Hostel Block C,2026-05-18,6.04,597,1.39,138,28.76,70,0.79,22.2
85,Academic Block,2026-09-23,6.77,674,9.81,204,28.49,77,0.49,32.9
86,Staff Quarters,2026-03-28,6.2,604,3.73,339,17.5,40,0.38,24.2
87,Nearby Community,2026-08-28,6.42,731,5.1,250,34.01,179,0.48,33.1
88,College Canteen,2026-04-19,7.07,600,0.91,322,42.9,247,0.49,33.8
89,Hostel Block C,2026-08-02,6.35,784,3.65,131,52.7,152,0.16,32.7
90,Hostel Block A,2026-03-14,8.44,338,1.21,215,21.64,217,0.51,21.1
91,Library,2026-09-13,8.67,821,7.33,329,52.6,49,0.76,23.3
92,Academic Block,2026-04-24,6.25,280,7.72,131,27.73,217,0.39,20.4
93,Library,2026-01-10,7.0,621,1.88,351,25.9,214,0.96,22.4
94,Hostel Block B,2026-07-20,7.91,689,9.17,153,15.47,203,0.34,23.6
95,Hostel Block A,2026-08-10,7.9,341,1.2,256,59.28,116,0.78,25.9
96,Academic Block,2026-08-28,6.85,573,8.61,134,15.76,186,0.46,24.1
97,Academic Block,2026-01-27,7.84,461,0.58,105,54.82,230,0.62,32.7
98,Academic Block,2026-04-20,8.25,404,6.55,397,16.54,233,0.88,29.2
99,Hostel Block C,2026-02-21,7.81,496,7.99,97,35.62,227,0.2,32.7
100,Library,2026-07-06,6.56,732,8.83,267,32.79,273,0.36,22.3
101,Main Gate,2026-05-24,8.44,297,4.95,118,10.16,97,1.04,30.1
102,Sports Complex,2026-09-12,6.25,584,0.63,354,9.17,134,0.82,29.4
103,Nearby Community,2026-07-27,7.79,560,1.53,199,29.35,198,1.07,27.9
104,Nearby Community,2026-04-21,6.18,655,9.14,234,39.66,69,0.21,33.2
105,Academic Block,2026-08-04,6.27,730,1.79,312,23.52,230,0.85,27.6
106,Nearby Community,2026-03-14,7.83,681,6.35,223,3.9,134,0.3,26.2
107,College Canteen,2026-06-04,8.75,556,5.67,410,22.8,141,0.37,33.6
108,Main Gate,2026-02-22,6.59,834,6.17,90,4.93,125,0.33,21.8
109,Nearby Community,2026-04-03,8.32,747,2.47,190,49.16,99,0.43,22.1
110,Nearby Community,2026-01-09,8.4,328,9.88,356,16.54,84,0.18,32.1
111,Hostel Block C,2026-01-12,8.21,423,6.09,88,12.11,53,0.2,25.9
112,Hostel Block B,2026-02-16,7.26,550,5.38,135,28.22,96,1.14,20.6
113,Staff Quarters,2026-05-15,7.8,211,1.08,325,51.14,149,0.84,26.9
114,Main Gate,2026-02-03,6.9,331,1.12,220,38.21,189,0.68,24.6
115,Nearby Community,2026-09-10,7.27,799,4.59,138,51.46,206,1.06,27.7
116,College Canteen,2026-07-15,8.49,603,3.72,312,25.13,226,0.16,26.0
117,Academic Block,2026-06-05,7.92,665,1.14,123,7.41,64,0.91,25.2
118,Hostel Block C,2026-09-02,7.64,755,5.84,142,25.83,263,0.82,30.5
119,Hostel Block A,2026-05-20,6.87,286,5.99,188,10.97,163,0.31,21.5
120,Staff Quarters,2026-06-04,8.14,767,2.65,299,51.02,236,0.99,28.6
121,Staff Quarters,2026-01-20,8.6,890,3.04,172,17.85,235,0.41,24.8
122,Hostel Block A,2026-03-28,6.4,853,4.31,152,44.98,47,0.16,27.4
123,Sports Complex,2026-07-15,6.95,558,3.46,246,47.06,185,0.74,32.4
124,Hostel Block C,2026-03-25,7.73,870,1.28,306,40.39,164,0.75,25.8
125,College Canteen,2026-09-04,6.97,293,3.19,383,30.22,210,0.4,23.1
126,Nearby Community,2026-01-01,6.57,396,7.79,210,18.79,70,0.06,30.5
127,Hostel Block C,2026-03-13,7.49,415,5.25,261,6.18,260,0.9,26.1
128,Main Gate,2026-02-28,6.88,619,5.95,407,26.23,69,0.52,33.5
129,Hostel Block C,2026-08-27,7.93,550,1.34,134,16.11,190,0.51,21.1
130,Academic Block,2026-06-08,6.93,352,1.23,404,8.61,170,0.27,30.9
131,Library,2026-03-08,6.29,442,2.37,388,10.87,234,0.8,22.5
132,Main Gate,2026-08-25,7.58,773,4.76,369,39.29,199,0.42,33.6
133,Library,2026-03-15,6.19,632,6.5,220,36.3,130,0.63,24.3
134,Main Gate,2026-01-02,7.03,473,1.23,126,37.67,169,0.49,28.1
135,Hostel Block A,2026-08-26,7.6,372,3.55,323,31.08,55,0.57,31.4
136,Library,2026-02-17,7.81,220,2.85,304,59.48,174,0.65,22.2
137,Library,2026-05-13,7.14,526,6.95,106,47.78,205,0.43,24.6
138,Staff Quarters,2026-07-10,6.71,852,9.66,388,52.65,125,0.14,29.3
139,Library,2026-05-21,7.96,581,1.73,123,19.96,136,0.79,24.6
140,Hostel Block C,2026-09-03,7.81,613,5.33,89,23.03,86,1.14,24.8
141,Main Gate,2026-04-08,8.8,338,1.23,131,31.45,178,1.01,32.4
142,Hostel Block A,2026-06-25,7.73,791,4.08,163,12.49,217,0.94,31.3
143,Hostel Block C,2026-08-02,7.15,872,7.34,307,37.41,232,0.91,26.3
144,Staff Quarters,2026-04-10,8.7,660,9.09,179,23.33,186,1.18,26.5
145,Academic Block,2026-07-17,7.48,345,8.26,389,10.03,104,0.11,26.7
146,Library,2026-09-04,7.99,708,8.59,225,6.86,81,0.36,32.7
147,Hostel Block C,2026-07-03,8.65,407,8.26,258,55.97,146,0.11,27.0
148,College Canteen,2026-07-03,7.05,208,3.53,130,50.67,206,0.44,22.0
149,Hostel Block A,2026-05-27,7.32,322,7.71,320,28.02,41,1.09,20.3
150,College Canteen,2026-03-18,8.63,803,5.51,136,47.02,100,0.4,20.7
151,Sports Complex,2026-08-03,6.31,691,6.17,88,38.65,187,0.33,22.0
152,Sports Complex,2026-01-20,6.99,764,4.46,420,40.76,174,1.17,20.9
153,Staff Quarters,2026-09-17,8.2,699,5.76,279,52.65,51,0.78,33.7
154,Academic Block,2026-01-12,8.21,533,2.79,416,38.44,237,0.72,30.6
155,Hostel Block C,2026-01-12,7.53,838,2.16,317,58.89,162,0.78,31.4
156,Hostel Block B,2026-08-02,6.82,224,8.02,101,20.3,119,0.64,33.8
157,Staff Quarters,2026-08-09,6.1,842,2.32,262,52.0,52,1.05,24.6
158,Hostel Block B,2026-06-14,8.49,941,4.68,277,21.66,87,0.62,27.0
159,Staff Quarters,2026-05-26,6.23,614,1.25,388,59.72,86,0.68,24.5
160,Hostel Block B,2026-06-22,6.83,636,6.22,298,11.67,153,0.45,20.6
161,Library,2026-07-09,7.79,238,1.21,406,25.56,171,0.97,29.5
162,Hostel Block A,2026-03-28,7.7,628,0.83,114,15.69,205,0.47,25.4
163,Nearby Community,2026-01-20,6.43,640,9.51,270,27.75,59,0.71,27.4
164,Sports Complex,2026-06-21,6.78,296,0.75,175,30.94,139,1.1,21.6
165,Academic Block,2026-08-07,8.79,472,7.09,331,13.61,74,1.03,26.3
166,Main Gate,2026-02-26,7.91,507,6.84,113,33.9,114,1.08,31.9
167,Hostel Block C,2026-06-17,6.63,385,8.02,201,47.84,46,0.47,28.0
168,Main Gate,2026-09-05,7.71,268,1.12,283,59.98,224,0.6,25.8
169,Sports Complex,2026-02-05,8.72,837,1.2,318,41.45,128,0.2,31.6
170,Staff Quarters,2026-03-25,8.71,623,5.28,108,50.22,172,0.23,22.3
171,Library,2026-04-12,8.65,711,9.0,120,16.54,202,1.15,23.8
172,Academic Block,2026-09-03,7.41,352,6.12,377,10.94,208,0.77,32.6
173,Library,2026-01-27,8.42,263,0.93,408,46.72,107,0.8,30.7
174,Sports Complex,2026-01-16,8.49,738,3.25,234,30.01,246,0.98,25.7
175,Main Gate,2026-02-23,6.17,630,4.45,317,13.83,195,0.22,32.1
176,Library,2026-06-13,6.37,559,5.39,134,20.51,159,0.19,26.3
177,Hostel Block C,2026-02-02,6.81,573,8.71,294,16.4,261,1.09,31.4
178,Nearby Community,2026-06-07,8.14,690,9.96,319,30.93,118,0.62,21.3
179,Sports Complex,2026-09-15,8.71,400,6.04,104,4.93,166,0.74,31.8
180,Main Gate,2026-05-18,6.02,290,4.59,215,44.2,235,0.51,20.6
181,Hostel Block A,2026-09-07,7.02,475,1.2,338,28.12,180,0.37,33.8
182,Nearby Community,2026-02-05,8.73,583,4.05,253,34.35,133,0.92,22.8
183,Staff Quarters,2026-07-17,6.11,219,1.8,250,48.63,172,0.58,28.5
184,Staff Quarters,2026-03-11,8.61,506,2.04,395,44.88,116,0.73,27.1
185,Staff Quarters,2026-09-16,7.98,486,5.01,88,23.36,212,0.18,25.8
186,Academic Block,2026-01-20,7.33,851,7.94,376,35.5,224,0.11,26.7
187,Staff Quarters,2026-07-05,8.3,428,0.8,136,13.07,152,0.41,22.1
188,College Canteen,2026-07-17,8.17,662,8.79,111,42.93,172,0.29,24.6
189,Main Gate,2026-09-13,6.88,357,4.87,352,21.85,130,0.83,32.1
190,Academic Block,2026-08-07,8.68,465,5.8,195,56.61,116,0.94,29.9
191,Main Gate,2026-06-16,6.98,918,3.1,142,35.26,179,0.49,33.7
192,Library,2026-03-10,6.12,911,1.25,306,40.05,231,0.6,22.8
193,Staff Quarters,2026-05-18,7.95,320,1.54,380,15.88,52,0.82,27.4
194,College Canteen,2026-01-04,7.16,914,4.99,150,2.3,180,1.17,22.2
195,Main Gate,2026-08-21,6.56,474,3.55,410,5.43,236,0.15,28.0
196,Staff Quarters,2026-01-06,7.17,360,9.37,98,59.84,141,0.96,22.6
197,Academic Block,2026-01-01,6.84,797,1.52,251,18.5,204,0.67,26.9
198,Hostel Block C,2026-09-15,6.76,295,3.64,314,39.6,223,0.26,30.3
199,Academic Block,2026-04-06,7.71,834,9.02,298,31.89,62,0.51,21.3
200,Hostel Block C,2026-08-11,8.62,186,2.98,200,27.91,108,1.15,24.2
201,Speacial block,2026-09-26,8,100,15,45,52,41,32,28
202,Canteen,2026-05-15,9,125,10,11,20,14,13,28
